Student_ID,Score,Percentile,Category,State,Rank
NEET2024_0001,499,33.49,General,Bihar,133013
NEET2024_0002,436,41.29,General,Tamil Nadu,117412
NEET2024_0003,514,28.73,General,Karnataka,142539
NEET2024_0004,602,15.1,General,West Bengal,169809
NEET2024_0005,426,42.23,SC,West Bengal,115540
NEET2024_0006,426,41.62,SC,Delhi,116759
NEET2024_0007,607,17.48,General,West Bengal,165030
NEET2024_0008,526,28.21,ST,UP,143570
NEET2024_0009,403,46.13,OBC,West Bengal,107746
NEET2024_0010,504,28.93,General,Tamil Nadu,142140
NEET2024_0011,403,46.66,General,Karnataka,106674
NEET2024_0012,403,44.42,OBC,Karnataka,111154
NEET2024_0013,474,38.32,OBC,West Bengal,123365
NEET2024_0014,258,62.79,OBC,Bihar,74423
NEET2024_0015,277,65.0,General,Maharashtra,70000
NEET2024_0016,393,45.81,General,Maharashtra,108375
NEET2024_0017,348,50.36,General,Bihar,99272
NEET2024_0018,481,32.23,General,Bihar,135546
NEET2024_0019,359,49.5,General,Bihar,101003
NEET2024_0020,308,58.07,General,UP,83858
NEET2024_0021,596,18.27,SC,Maharashtra,163464
NEET2024_0022,427,39.55,SC,Bihar,120905
NEET2024_0023,456,36.62,General,UP,126764
NEET2024_0024,307,61.65,SC,Delhi,76708
NEET2024_0025,395,48.59,General,UP,102812
NEET2024_0026,461,36.84,General,Maharashtra,126310
NEET2024_0027,334,53.69,General,West Bengal,92625
NEET2024_0028,487,32.6,OBC,Delhi,134797
NEET2024_0029,389,47.2,ST,Maharashtra,105601
NEET2024_0030,420,39.62,OBC,UP,120757
NEET2024_0031,389,45.46,General,Tamil Nadu,109085
NEET2024_0032,635,10.0,OBC,Karnataka,180000
NEET2024_0033,448,38.58,General,Maharashtra,122847
NEET2024_0034,344,53.52,SC,Bihar,92966
NEET2024_0035,532,25.14,OBC,UP,149710
NEET2024_0036,327,57.73,General,Bihar,84537
NEET2024_0037,470,32.27,OBC,Bihar,135458
NEET2024_0038,254,61.79,OBC,Bihar,76413
NEET2024_0039,317,56.42,General,Bihar,87157
NEET2024_0040,469,36.96,OBC,Bihar,126089
NEET2024_0041,523,30.73,General,Delhi,138542
NEET2024_0042,467,34.22,OBC,Maharashtra,131557
NEET2024_0043,438,41.32,SC,Maharashtra,117351
NEET2024_0044,419,41.73,SC,Karnataka,116542
NEET2024_0045,302,57.71,OBC,UP,84579
NEET2024_0046,378,49.27,OBC,Tamil Nadu,101465
NEET2024_0047,403,45.33,General,Delhi,109335
NEET2024_0048,555,19.76,OBC,UP,160472
NEET2024_0049,484,35.73,General,Delhi,128538
NEET2024_0050,273,64.84,General,Maharashtra,70312
NEET2024_0051,482,31.8,General,Bihar,136391
NEET2024_0052,411,43.71,General,Karnataka,112583
NEET2024_0053,382,47.93,OBC,Karnataka,104134
NEET2024_0054,511,29.55,General,West Bengal,140901
NEET2024_0055,553,22.09,OBC,Tamil Nadu,155812
NEET2024_0056,543,23.24,General,Karnataka,153519
NEET2024_0057,366,49.12,General,Bihar,101768
NEET2024_0058,419,44.15,OBC,Maharashtra,111697
NEET2024_0059,483,34.0,General,Tamil Nadu,131992
NEET2024_0060,547,23.29,General,UP,153426
NEET2024_0061,402,45.71,OBC,Bihar,108579
NEET2024_0062,431,34.44,General,Bihar,131116
NEET2024_0063,339,55.21,SC,Karnataka,89571
NEET2024_0064,330,50.69,General,Tamil Nadu,98625
NEET2024_0065,531,25.53,General,Maharashtra,148949
NEET2024_0066,585,16.51,OBC,West Bengal,166978
NEET2024_0067,442,36.02,General,Delhi,127956
NEET2024_0068,550,25.93,General,Delhi,148134
NEET2024_0069,486,31.56,General,Maharashtra,136870
NEET2024_0070,385,47.22,General,Maharashtra,105558
NEET2024_0071,486,32.41,SC,Delhi,135187
NEET2024_0072,603,17.2,General,West Bengal,165591
NEET2024_0073,446,38.21,OBC,Tamil Nadu,123581
NEET2024_0074,606,13.27,SC,Delhi,173465
NEET2024_0075,188,75.88,General,Maharashtra,48237
NEET2024_0076,532,25.12,SC,Karnataka,149752
NEET2024_0077,458,33.28,General,UP,133448
NEET2024_0078,420,40.81,ST,West Bengal,118379
NEET2024_0079,459,39.25,General,Bihar,121496
NEET2024_0080,251,66.84,OBC,West Bengal,66321
NEET2024_0081,428,39.86,General,Karnataka,120283
NEET2024_0082,485,31.94,General,Karnataka,136119
NEET2024_0083,597,16.44,OBC,Bihar,167119
NEET2024_0084,398,48.88,OBC,Maharashtra,102248
NEET2024_0085,369,49.51,General,Delhi,100972
NEET2024_0086,399,45.44,General,Tamil Nadu,109113
NEET2024_0087,541,26.92,OBC,West Bengal,146156
NEET2024_0088,482,33.53,OBC,Bihar,132933
NEET2024_0089,397,44.34,ST,West Bengal,111313
NEET2024_0090,501,30.02,OBC,Karnataka,139952
NEET2024_0091,459,36.11,ST,Delhi,127786
NEET2024_0092,546,24.09,OBC,West Bengal,151815
NEET2024_0093,379,48.82,General,Tamil Nadu,102367
NEET2024_0094,417,42.19,General,Karnataka,115625
NEET2024_0095,410,44.52,OBC,Tamil Nadu,110958
NEET2024_0096,303,57.76,OBC,Delhi,84489
NEET2024_0097,479,33.63,General,West Bengal,132741
NEET2024_0098,476,29.89,General,UP,140215
NEET2024_0099,450,39.33,ST,West Bengal,121334
NEET2024_0100,426,41.53,OBC,Delhi,116947
NEET2024_0101,308,59.22,General,West Bengal,81563
NEET2024_0102,407,37.68,General,Bihar,124640
NEET2024_0103,415,46.54,General,West Bengal,106924
NEET2024_0104,369,48.47,General,Maharashtra,103058
NEET2024_0105,433,42.08,General,West Bengal,115845
NEET2024_0106,490,29.86,General,West Bengal,140270
NEET2024_0107,638,12.61,OBC,Tamil Nadu,174771
NEET2024_0108,467,33.03,General,UP,133935
NEET2024_0109,475,32.78,SC,Tamil Nadu,134439
NEET2024_0110,442,42.44,SC,Tamil Nadu,115121
NEET2024_0111,258,63.79,General,Karnataka,72429
NEET2024_0112,447,38.35,OBC,Maharashtra,123296
NEET2024_0113,456,38.41,General,Tamil Nadu,123186
NEET2024_0114,696,10.0,SC,Bihar,180000
NEET2024_0115,430,40.58,General,Delhi,118842
NEET2024_0116,480,34.06,OBC,Bihar,131873
NEET2024_0117,446,42.86,OBC,Delhi,114275
NEET2024_0118,333,53.63,General,West Bengal,92730
NEET2024_0119,564,22.07,General,Karnataka,155862
NEET2024_0120,525,29.18,OBC,Maharashtra,141630
NEET2024_0121,529,28.74,OBC,Bihar,142522
NEET2024_0122,359,52.51,General,Maharashtra,94974
NEET2024_0123,590,19.33,OBC,Bihar,161333
NEET2024_0124,309,54.8,General,West Bengal,90405
NEET2024_0125,508,32.71,OBC,Delhi,134577
NEET2024_0126,669,10.0,General,UP,180000
NEET2024_0127,350,51.99,SC,Karnataka,96011
NEET2024_0128,393,43.91,General,Bihar,112183
NEET2024_0129,459,36.12,General,Bihar,127756
NEET2024_0130,399,45.24,General,West Bengal,109518
NEET2024_0131,294,59.81,General,Karnataka,80381
NEET2024_0132,456,37.51,OBC,Delhi,124978
NEET2024_0133,343,55.59,General,Delhi,88822
NEET2024_0134,497,31.88,SC,Bihar,136241
NEET2024_0135,358,49.79,General,UP,100421
NEET2024_0136,604,18.04,General,UP,163921
NEET2024_0137,371,50.85,General,Maharashtra,98297
NEET2024_0138,417,39.63,General,Karnataka,120743
NEET2024_0139,531,27.44,General,Karnataka,145110
NEET2024_0140,326,56.12,General,Delhi,87750
NEET2024_0141,472,33.85,General,Maharashtra,132301
NEET2024_0142,580,22.2,General,West Bengal,155608
NEET2024_0143,289,59.56,OBC,Karnataka,80878
NEET2024_0144,468,35.25,OBC,Maharashtra,129497
NEET2024_0145,475,33.68,General,Maharashtra,132636
NEET2024_0146,528,26.7,General,Bihar,146604
NEET2024_0147,326,52.53,ST,Delhi,94940
NEET2024_0148,317,53.09,OBC,Maharashtra,93815
NEET2024_0149,502,33.47,OBC,UP,133066
NEET2024_0150,479,31.78,General,UP,136443
NEET2024_0151,475,32.04,OBC,Tamil Nadu,135910
NEET2024_0152,484,28.47,OBC,Delhi,143058
NEET2024_0153,381,45.81,OBC,Bihar,108389
NEET2024_0154,473,31.66,ST,West Bengal,136681
NEET2024_0155,479,36.76,General,Tamil Nadu,126487
NEET2024_0156,378,49.52,General,UP,100960
NEET2024_0157,636,10.29,OBC,Bihar,179419
NEET2024_0158,497,35.48,SC,Tamil Nadu,129045
NEET2024_0159,330,56.13,General,Delhi,87739
NEET2024_0160,515,27.82,General,Bihar,144354
NEET2024_0161,352,46.11,General,Delhi,107775
NEET2024_0162,528,31.25,General,Maharashtra,137502
NEET2024_0163,565,18.75,OBC,Karnataka,162502
NEET2024_0164,367,45.74,OBC,Maharashtra,108526
NEET2024_0165,546,26.21,General,Delhi,147576
NEET2024_0166,491,36.69,General,Bihar,126629
NEET2024_0167,532,28.88,General,UP,142240
NEET2024_0168,639,12.38,General,West Bengal,175244
NEET2024_0169,425,42.16,OBC,UP,115676
NEET2024_0170,374,49.76,ST,Bihar,100475
NEET2024_0171,361,51.38,SC,Maharashtra,97242
NEET2024_0172,368,49.45,General,West Bengal,101097
NEET2024_0173,442,38.82,SC,Bihar,122360
NEET2024_0174,484,32.65,OBC,Delhi,134694
NEET2024_0175,477,32.24,OBC,UP,135515
NEET2024_0176,532,25.55,General,Delhi,148900
NEET2024_0177,451,33.98,General,West Bengal,132049
NEET2024_0178,595,17.16,General,West Bengal,165671
NEET2024_0179,423,39.27,General,UP,121454
NEET2024_0180,720,10.0,General,Delhi,180000
NEET2024_0181,512,29.25,General,Tamil Nadu,141502
NEET2024_0182,364,52.23,General,Delhi,95543
NEET2024_0183,342,54.34,OBC,West Bengal,91326
NEET2024_0184,498,27.69,General,Delhi,144615
NEET2024_0185,427,38.72,General,Bihar,122569
NEET2024_0186,521,29.52,ST,Maharashtra,140959
NEET2024_0187,497,29.01,SC,Tamil Nadu,141985
NEET2024_0188,442,38.16,OBC,Karnataka,123676
NEET2024_0189,365,50.41,ST,Bihar,99188
NEET2024_0190,298,56.67,OBC,Maharashtra,86651
NEET2024_0191,405,43.96,ST,Karnataka,112078
NEET2024_0192,535,23.03,General,UP,153947
NEET2024_0193,471,33.38,General,Karnataka,133238
NEET2024_0194,325,55.5,General,Bihar,88998
NEET2024_0195,467,31.95,General,Delhi,136094
NEET2024_0196,488,33.1,General,Bihar,133793
NEET2024_0197,361,49.82,OBC,Karnataka,100356
NEET2024_0198,465,36.52,OBC,West Bengal,126956
NEET2024_0199,455,37.25,OBC,Maharashtra,125493
NEET2024_0200,335,56.2,General,Maharashtra,87598
NEET2024_0201,485,32.89,SC,Karnataka,134221
NEET2024_0202,506,28.86,OBC,Maharashtra,142273
NEET2024_0203,558,22.74,General,West Bengal,154510
NEET2024_0204,555,24.0,OBC,Bihar,151993
NEET2024_0205,312,56.76,General,Maharashtra,86471
NEET2024_0206,356,50.64,General,Karnataka,98726
NEET2024_0207,501,29.01,SC,Tamil Nadu,141974
NEET2024_0208,501,29.09,General,Tamil Nadu,141818
NEET2024_0209,501,27.61,General,UP,144777
NEET2024_0210,720,10.0,SC,Maharashtra,180000
NEET2024_0211,507,27.1,OBC,Bihar,145808
NEET2024_0212,563,20.42,General,Karnataka,159160
NEET2024_0213,545,22.87,General,Maharashtra,154262
NEET2024_0214,515,30.26,General,Delhi,139475
NEET2024_0215,418,41.35,OBC,West Bengal,117290
NEET2024_0216,525,29.58,General,Maharashtra,140842
NEET2024_0217,372,46.99,General,Maharashtra,106027
NEET2024_0218,426,41.39,ST,Tamil Nadu,117217
NEET2024_0219,401,42.63,OBC,West Bengal,114730
NEET2024_0220,458,40.68,General,Karnataka,118641
NEET2024_0221,681,10.0,OBC,Maharashtra,180000
NEET2024_0222,263,64.09,OBC,Tamil Nadu,71816
NEET2024_0223,518,29.32,General,UP,141353
NEET2024_0224,288,60.83,General,West Bengal,78344
NEET2024_0225,402,43.8,SC,Tamil Nadu,112407
NEET2024_0226,558,22.24,General,Tamil Nadu,155519
NEET2024_0227,456,36.75,OBC,Bihar,126491
NEET2024_0228,342,52.21,General,Tamil Nadu,95588
NEET2024_0229,378,49.43,General,Bihar,101144
NEET2024_0230,517,32.62,General,Maharashtra,134769
NEET2024_0231,376,46.66,General,Maharashtra,106674
NEET2024_0232,471,31.84,General,UP,136312
NEET2024_0233,454,36.77,General,Delhi,126464
NEET2024_0234,384,51.83,SC,Delhi,96347
NEET2024_0235,664,10.0,ST,Delhi,180000
NEET2024_0236,513,32.03,OBC,Bihar,135943
NEET2024_0237,247,69.05,SC,West Bengal,61900
NEET2024_0238,468,33.89,General,West Bengal,132214
NEET2024_0239,383,47.94,ST,UP,104112
NEET2024_0240,535,28.95,General,West Bengal,142097
NEET2024_0241,370,47.85,ST,Delhi,104294
NEET2024_0242,438,38.76,ST,Delhi,122480
NEET2024_0243,500,29.39,OBC,Tamil Nadu,141215
NEET2024_0244,536,23.53,ST,West Bengal,152947
NEET2024_0245,329,53.01,OBC,Maharashtra,93985
NEET2024_0246,416,39.77,General,Maharashtra,120451
NEET2024_0247,402,44.23,General,Tamil Nadu,111530
NEET2024_0248,384,45.13,OBC,Tamil Nadu,109746
NEET2024_0249,626,13.52,General,Tamil Nadu,172953
NEET2024_0250,490,28.83,OBC,Maharashtra,142334
NEET2024_0251,323,55.8,ST,Delhi,88398
NEET2024_0252,541,26.53,General,Tamil Nadu,146943
NEET2024_0253,662,10.0,OBC,UP,180000
NEET2024_0254,553,23.94,SC,Bihar,152114
NEET2024_0255,298,61.07,SC,Tamil Nadu,77867
NEET2024_0256,401,41.89,ST,Bihar,116227
NEET2024_0257,576,23.35,OBC,Karnataka,153309
NEET2024_0258,379,48.2,ST,Tamil Nadu,103601
NEET2024_0259,494,29.98,OBC,Maharashtra,140042
NEET2024_0260,527,26.69,General,West Bengal,146611
NEET2024_0261,357,51.53,General,Tamil Nadu,96933
NEET2024_0262,444,38.49,OBC,West Bengal,123029
NEET2024_0263,125,83.72,General,Karnataka,32567
NEET2024_0264,347,49.96,OBC,UP,100071
NEET2024_0265,424,41.45,OBC,West Bengal,117100
NEET2024_0266,325,52.03,General,Bihar,95932
NEET2024_0267,613,14.64,OBC,Delhi,170722
NEET2024_0268,306,55.69,OBC,Tamil Nadu,88615
NEET2024_0269,405,42.28,General,Karnataka,115442
NEET2024_0270,463,38.17,General,Karnataka,123666
NEET2024_0271,594,19.68,General,West Bengal,160634
NEET2024_0272,306,58.72,General,UP,82563
NEET2024_0273,566,19.2,SC,Maharashtra,161591
NEET2024_0274,451,36.73,General,Tamil Nadu,126543
NEET2024_0275,351,53.68,OBC,Karnataka,92647
NEET2024_0276,496,31.39,General,UP,137210
NEET2024_0277,469,39.5,General,Delhi,121000
NEET2024_0278,389,46.76,SC,Karnataka,106482
NEET2024_0279,456,37.05,OBC,UP,125898
NEET2024_0280,411,42.3,General,Maharashtra,115403
NEET2024_0281,461,36.24,General,Maharashtra,127521
NEET2024_0282,516,28.03,General,Karnataka,143943
NEET2024_0283,608,16.97,General,Bihar,166056
NEET2024_0284,326,56.64,OBC,Karnataka,86728
NEET2024_0285,663,10.0,General,West Bengal,180000
NEET2024_0286,254,62.06,General,Tamil Nadu,75880
NEET2024_0287,434,36.05,General,UP,127900
NEET2024_0288,508,30.46,SC,Karnataka,139079
NEET2024_0289,478,31.4,ST,Tamil Nadu,137191
NEET2024_0290,387,41.94,General,West Bengal,116111
NEET2024_0291,429,41.19,OBC,Tamil Nadu,117612
NEET2024_0292,400,49.43,General,Karnataka,101139
NEET2024_0293,391,45.68,General,Maharashtra,108635
NEET2024_0294,534,27.51,OBC,UP,144979
NEET2024_0295,485,32.8,SC,UP,134394
NEET2024_0296,380,47.02,ST,Maharashtra,105951
NEET2024_0297,539,26.98,OBC,Bihar,146045
NEET2024_0298,480,32.75,General,Karnataka,134494
NEET2024_0299,531,26.78,OBC,UP,146430
NEET2024_0300,512,29.53,General,Karnataka,140935
NEET2024_0301,367,47.69,OBC,West Bengal,104616
NEET2024_0302,393,47.4,General,Karnataka,105198
NEET2024_0303,524,26.87,OBC,Tamil Nadu,146255
NEET2024_0304,511,27.52,General,Maharashtra,144967
NEET2024_0305,447,38.99,General,Bihar,122020
NEET2024_0306,461,34.18,SC,Karnataka,131649
NEET2024_0307,577,19.92,General,Bihar,160165
NEET2024_0308,390,45.82,OBC,Bihar,108369
NEET2024_0309,504,32.17,General,West Bengal,135656
NEET2024_0310,429,41.37,General,Delhi,117267
NEET2024_0311,428,40.51,General,Maharashtra,118988
NEET2024_0312,559,24.0,General,Bihar,152006
NEET2024_0313,532,28.89,SC,UP,142216
NEET2024_0314,531,27.37,General,Tamil Nadu,145268
NEET2024_0315,580,19.47,ST,UP,161069
NEET2024_0316,452,34.6,OBC,West Bengal,130802
NEET2024_0317,518,25.93,General,West Bengal,148149
NEET2024_0318,418,41.33,OBC,UP,117332
NEET2024_0319,482,31.84,OBC,Maharashtra,136326
NEET2024_0320,436,39.07,OBC,UP,121858
NEET2024_0321,459,36.36,General,Karnataka,127273
NEET2024_0322,509,30.36,General,UP,139270
NEET2024_0323,368,48.75,SC,Tamil Nadu,102504
NEET2024_0324,659,10.0,SC,Tamil Nadu,180000
NEET2024_0325,349,51.66,SC,Delhi,96686
NEET2024_0326,328,50.49,General,Tamil Nadu,99012
NEET2024_0327,565,19.65,OBC,UP,160701
NEET2024_0328,529,26.24,General,Tamil Nadu,147520
NEET2024_0329,512,26.47,General,Maharashtra,147061
NEET2024_0330,512,30.09,General,Bihar,139822
NEET2024_0331,448,40.84,OBC,Tamil Nadu,118321
NEET2024_0332,360,52.44,General,Karnataka,95124
NEET2024_0333,457,36.1,General,Maharashtra,127798
NEET2024_0334,382,49.93,SC,Delhi,100148
NEET2024_0335,547,24.33,General,Karnataka,151349
NEET2024_0336,435,38.91,General,UP,122181
NEET2024_0337,367,47.8,General,Bihar,104398
NEET2024_0338,417,41.48,SC,UP,117043
NEET2024_0339,491,31.03,OBC,Bihar,137941
NEET2024_0340,393,45.76,General,Bihar,108485
NEET2024_0341,367,49.35,SC,UP,101302
NEET2024_0342,474,34.17,SC,Karnataka,131654
NEET2024_0343,474,35.04,General,Karnataka,129918
NEET2024_0344,399,46.96,OBC,Bihar,106070
NEET2024_0345,402,46.07,OBC,Karnataka,107868
NEET2024_0346,473,31.34,OBC,Bihar,137328
NEET2024_0347,305,52.53,General,Bihar,94937
NEET2024_0348,309,58.95,SC,Maharashtra,82096
NEET2024_0349,378,44.77,OBC,West Bengal,110467
NEET2024_0350,428,40.11,General,Maharashtra,119787
NEET2024_0351,481,30.85,General,UP,138291
NEET2024_0352,597,13.48,General,West Bengal,173041
NEET2024_0353,535,26.78,General,Tamil Nadu,146445
NEET2024_0354,434,41.24,OBC,UP,117518
NEET2024_0355,448,36.62,General,Delhi,126750
NEET2024_0356,349,46.35,General,Maharashtra,107308
NEET2024_0357,448,36.69,OBC,Karnataka,126629
NEET2024_0358,421,42.31,General,Maharashtra,115377
NEET2024_0359,482,30.1,ST,Karnataka,139804
NEET2024_0360,367,49.39,General,West Bengal,101211
NEET2024_0361,501,30.39,General,Delhi,139227
NEET2024_0362,603,17.41,General,West Bengal,165182
NEET2024_0363,439,39.27,General,Delhi,121466
NEET2024_0364,490,30.0,General,Maharashtra,140003
NEET2024_0365,519,30.31,OBC,Karnataka,139380
NEET2024_0366,409,42.88,ST,West Bengal,114245
NEET2024_0367,472,34.39,General,Delhi,131220
NEET2024_0368,451,35.49,OBC,Bihar,129010
NEET2024_0369,459,35.36,OBC,UP,129273
NEET2024_0370,372,46.56,SC,UP,106872
NEET2024_0371,452,36.88,General,West Bengal,126247
NEET2024_0372,499,34.12,General,Karnataka,131764
NEET2024_0373,595,14.62,General,Bihar,170765
NEET2024_0374,545,21.08,OBC,West Bengal,157843
NEET2024_0375,665,10.58,SC,Maharashtra,178837
NEET2024_0376,373,47.78,General,Delhi,104448
NEET2024_0377,537,24.08,General,Maharashtra,151842
NEET2024_0378,468,37.08,SC,UP,125840
NEET2024_0379,668,10.0,SC,Delhi,180000
NEET2024_0380,369,52.4,ST,West Bengal,95195
NEET2024_0381,366,50.52,OBC,Maharashtra,98954
NEET2024_0382,390,44.86,General,Tamil Nadu,110284
NEET2024_0383,237,71.4,OBC,Karnataka,57204
NEET2024_0384,397,43.65,OBC,Bihar,112700
NEET2024_0385,374,49.54,General,Bihar,100920
NEET2024_0386,465,36.02,OBC,Karnataka,127969
NEET2024_0387,484,35.38,OBC,Tamil Nadu,129237
NEET2024_0388,637,14.65,General,UP,170698
NEET2024_0389,545,24.37,OBC,Delhi,151260
NEET2024_0390,392,44.05,OBC,Karnataka,111902
NEET2024_0391,360,50.92,ST,Tamil Nadu,98160
NEET2024_0392,499,29.34,General,West Bengal,141321
NEET2024_0393,317,60.0,General,Bihar,80002
NEET2024_0394,633,12.36,OBC,Tamil Nadu,175287
NEET2024_0395,567,20.52,General,UP,158961
NEET2024_0396,403,44.4,OBC,UP,111205
NEET2024_0397,278,58.69,OBC,Maharashtra,82610
NEET2024_0398,585,16.81,General,Karnataka,166386
NEET2024_0399,438,41.57,OBC,Maharashtra,116865
NEET2024_0400,573,19.1,OBC,Bihar,161794
NEET2024_0401,290,57.63,General,Tamil Nadu,84743
NEET2024_0402,390,46.91,SC,Delhi,106186
NEET2024_0403,450,39.87,SC,Delhi,120257
NEET2024_0404,454,38.38,OBC,UP,123235
NEET2024_0405,404,45.88,OBC,Delhi,108238
NEET2024_0406,512,27.38,General,Delhi,145249
NEET2024_0407,343,49.52,SC,Bihar,100965
NEET2024_0408,435,42.59,OBC,Delhi,114827
NEET2024_0409,462,35.19,OBC,Tamil Nadu,129624
NEET2024_0410,501,29.92,SC,Delhi,140169
NEET2024_0411,521,30.3,General,West Bengal,139409
NEET2024_0412,337,54.31,SC,Delhi,91386
NEET2024_0413,296,59.8,General,Delhi,80398
NEET2024_0414,577,24.19,General,Maharashtra,151617
NEET2024_0415,483,31.63,General,Tamil Nadu,136740
NEET2024_0416,375,49.77,ST,UP,100455
NEET2024_0417,605,16.09,SC,Maharashtra,167827
NEET2024_0418,461,36.51,OBC,Karnataka,126981
NEET2024_0419,567,24.31,OBC,Tamil Nadu,151386
NEET2024_0420,456,37.68,OBC,West Bengal,124635
NEET2024_0421,656,10.0,SC,Tamil Nadu,180000
NEET2024_0422,625,15.34,General,Karnataka,169321
NEET2024_0423,425,40.24,General,Karnataka,119515
NEET2024_0424,547,22.35,General,Karnataka,155301
NEET2024_0425,514,26.52,OBC,Bihar,146957
NEET2024_0426,586,14.68,OBC,UP,170643
NEET2024_0427,353,55.08,General,Delhi,89830
NEET2024_0428,518,25.85,General,Tamil Nadu,148301
NEET2024_0429,555,22.47,SC,Bihar,155051
NEET2024_0430,274,61.39,General,Delhi,77218
NEET2024_0431,331,54.64,OBC,Delhi,90714
NEET2024_0432,246,67.46,ST,West Bengal,65070
NEET2024_0433,423,42.97,General,Karnataka,114058
NEET2024_0434,521,26.47,General,UP,147054
NEET2024_0435,600,16.33,OBC,West Bengal,167335
NEET2024_0436,457,37.09,SC,Maharashtra,125814
NEET2024_0437,612,14.5,OBC,Bihar,170994
NEET2024_0438,311,60.02,ST,Bihar,79959
NEET2024_0439,279,62.23,General,UP,75536
NEET2024_0440,444,39.8,OBC,Delhi,120393
NEET2024_0441,488,33.55,OBC,Bihar,132904
NEET2024_0442,446,40.4,SC,UP,119194
NEET2024_0443,243,66.61,General,Bihar,66775
NEET2024_0444,441,36.16,SC,Bihar,127687
NEET2024_0445,319,56.49,OBC,Karnataka,87012
NEET2024_0446,516,27.03,General,Maharashtra,145938
NEET2024_0447,486,31.44,General,Karnataka,137114
NEET2024_0448,356,51.73,SC,Maharashtra,96543
NEET2024_0449,398,47.2,General,Bihar,105602
NEET2024_0450,344,52.26,General,West Bengal,95470
NEET2024_0451,443,39.09,General,Delhi,121820
NEET2024_0452,545,27.71,SC,Bihar,144580
NEET2024_0453,351,51.73,OBC,Maharashtra,96536
NEET2024_0454,500,35.76,OBC,Maharashtra,128482
NEET2024_0455,396,46.13,General,Maharashtra,107737
NEET2024_0456,370,45.09,OBC,Bihar,109820
NEET2024_0457,439,40.53,OBC,UP,118931
NEET2024_0458,346,52.71,SC,West Bengal,94586
NEET2024_0459,394,47.86,SC,UP,104285
NEET2024_0460,330,55.51,General,Delhi,88973
NEET2024_0461,646,10.0,OBC,Bihar,179998
NEET2024_0462,453,34.63,General,Maharashtra,130730
NEET2024_0463,380,46.8,OBC,West Bengal,106391
NEET2024_0464,471,32.88,General,West Bengal,134235
NEET2024_0465,438,38.01,General,Tamil Nadu,123988
NEET2024_0466,427,41.87,General,Delhi,116256
NEET2024_0467,511,32.37,OBC,West Bengal,135264
NEET2024_0468,525,27.87,General,Bihar,144254
NEET2024_0469,396,42.61,OBC,Maharashtra,114783
NEET2024_0470,392,46.44,General,Maharashtra,107110
NEET2024_0471,422,43.78,General,West Bengal,112435
NEET2024_0472,219,68.36,OBC,UP,63272
NEET2024_0473,298,58.34,General,Delhi,83313
NEET2024_0474,586,18.64,General,Maharashtra,162719
NEET2024_0475,614,13.15,OBC,West Bengal,173695
NEET2024_0476,425,42.27,General,Maharashtra,115462
NEET2024_0477,507,29.34,General,West Bengal,141317
NEET2024_0478,481,34.03,General,Delhi,131932
NEET2024_0479,720,10.0,SC,West Bengal,180000
NEET2024_0480,561,21.21,OBC,Tamil Nadu,157583
NEET2024_0481,437,40.75,OBC,West Bengal,118499
NEET2024_0482,354,50.09,OBC,West Bengal,99824
NEET2024_0483,289,63.32,General,Bihar,73369
NEET2024_0484,470,33.92,General,Delhi,132154
NEET2024_0485,374,48.5,OBC,Bihar,102990
NEET2024_0486,307,59.23,General,West Bengal,81547
NEET2024_0487,385,43.69,General,Delhi,112617
NEET2024_0488,341,49.12,General,Tamil Nadu,101765
NEET2024_0489,618,11.12,General,Delhi,177769
NEET2024_0490,538,27.8,ST,Maharashtra,144394
NEET2024_0491,449,36.54,General,Bihar,126929
NEET2024_0492,597,22.2,OBC,Delhi,155600
NEET2024_0493,457,35.4,General,Tamil Nadu,129201
NEET2024_0494,363,49.95,ST,Karnataka,100095
NEET2024_0495,602,19.47,General,West Bengal,161053
NEET2024_0496,503,34.15,General,Delhi,131697
NEET2024_0497,346,56.07,OBC,West Bengal,87865
NEET2024_0498,430,42.69,OBC,UP,114610
NEET2024_0499,362,51.77,General,Maharashtra,96459
NEET2024_0500,311,57.99,General,Bihar,84018
NEET2024_0501,542,26.28,General,Maharashtra,147442
NEET2024_0502,640,10.01,General,UP,179982
NEET2024_0503,310,55.31,General,UP,89383
NEET2024_0504,506,29.72,General,Bihar,140569
NEET2024_0505,384,46.33,General,Delhi,107347
NEET2024_0506,401,43.4,General,UP,113201
NEET2024_0507,390,47.23,OBC,Karnataka,105547
NEET2024_0508,363,51.49,ST,West Bengal,97012
NEET2024_0509,454,37.12,OBC,West Bengal,125757
NEET2024_0510,366,52.12,General,Tamil Nadu,95756
NEET2024_0511,477,31.47,General,UP,137066
NEET2024_0512,444,37.95,ST,UP,124107
NEET2024_0513,426,39.4,General,Karnataka,121200
NEET2024_0514,359,46.41,General,Maharashtra,107188
NEET2024_0515,392,45.39,OBC,Maharashtra,109219
NEET2024_0516,525,26.84,OBC,West Bengal,146320
NEET2024_0517,500,33.58,OBC,West Bengal,132835
NEET2024_0518,352,52.37,General,Delhi,95254
NEET2024_0519,459,34.2,General,Bihar,131596
NEET2024_0520,525,30.79,ST,Karnataka,138416
NEET2024_0521,283,63.14,General,Bihar,73726
NEET2024_0522,504,31.16,OBC,Bihar,137671
NEET2024_0523,383,46.35,OBC,Tamil Nadu,107294
NEET2024_0524,507,27.66,OBC,Bihar,144671
NEET2024_0525,373,47.45,General,Tamil Nadu,105099
NEET2024_0526,269,64.82,General,Bihar,70367
NEET2024_0527,287,63.91,OBC,Karnataka,72183
NEET2024_0528,454,40.03,SC,Tamil Nadu,119938
NEET2024_0529,475,33.05,SC,Maharashtra,133899
NEET2024_0530,359,47.9,General,Tamil Nadu,104200
NEET2024_0531,513,29.03,General,Tamil Nadu,141936
NEET2024_0532,283,57.16,SC,Karnataka,85684
NEET2024_0533,443,39.12,OBC,Karnataka,121762
NEET2024_0534,328,54.15,SC,Tamil Nadu,91701
NEET2024_0535,384,45.73,General,UP,108530
NEET2024_0536,454,33.76,OBC,Karnataka,132489
NEET2024_0537,363,50.61,OBC,Delhi,98778
NEET2024_0538,411,41.85,OBC,Delhi,116297
NEET2024_0539,550,21.27,General,Maharashtra,157457
NEET2024_0540,392,39.81,General,Bihar,120377
NEET2024_0541,533,25.92,OBC,Tamil Nadu,148165
NEET2024_0542,337,56.74,General,UP,86522
NEET2024_0543,502,33.6,General,Maharashtra,132799
NEET2024_0544,594,16.59,ST,Tamil Nadu,166828
NEET2024_0545,202,70.74,General,Karnataka,58519
NEET2024_0546,370,49.55,SC,Delhi,100902
NEET2024_0547,507,27.59,General,West Bengal,144826
NEET2024_0548,429,41.02,OBC,UP,117959
NEET2024_0549,487,33.89,ST,West Bengal,132213
NEET2024_0550,389,48.43,General,Delhi,103147
NEET2024_0551,458,36.19,General,Bihar,127622
NEET2024_0552,434,39.31,General,Bihar,121370
NEET2024_0553,566,19.63,General,West Bengal,160734
NEET2024_0554,475,32.37,OBC,Karnataka,135251
NEET2024_0555,483,32.46,SC,Tamil Nadu,135072
NEET2024_0556,408,44.07,General,Karnataka,111863
NEET2024_0557,401,46.13,General,West Bengal,107734
NEET2024_0558,406,42.0,General,Karnataka,115990
NEET2024_0559,489,35.07,OBC,Delhi,129862
NEET2024_0560,407,42.93,General,UP,114140
NEET2024_0561,478,33.57,OBC,Karnataka,132863
NEET2024_0562,657,10.0,OBC,Delhi,180000
NEET2024_0563,537,20.57,OBC,UP,158863
NEET2024_0564,417,43.85,General,Bihar,112297
NEET2024_0565,570,22.31,OBC,Tamil Nadu,155385
NEET2024_0566,409,42.63,General,West Bengal,114736
NEET2024_0567,246,65.97,General,Bihar,68065
NEET2024_0568,349,52.56,SC,Tamil Nadu,94880
NEET2024_0569,262,60.49,OBC,Bihar,79027
NEET2024_0570,414,41.44,General,Maharashtra,117116
NEET2024_0571,451,38.95,General,Bihar,122100
NEET2024_0572,617,11.8,General,Delhi,176406
NEET2024_0573,482,33.64,General,UP,132714
NEET2024_0574,428,37.84,General,Bihar,124315
NEET2024_0575,532,27.04,General,Karnataka,145912
NEET2024_0576,228,68.26,General,Tamil Nadu,63475
NEET2024_0577,473,31.08,OBC,Bihar,137849
NEET2024_0578,527,29.14,OBC,UP,141729
NEET2024_0579,302,56.59,OBC,Delhi,86827
NEET2024_0580,564,20.05,General,Maharashtra,159907
NEET2024_0581,483,33.32,ST,Tamil Nadu,133364
NEET2024_0582,408,45.63,SC,West Bengal,108738
NEET2024_0583,513,26.72,SC,UP,146563
NEET2024_0584,677,10.0,SC,West Bengal,180000
NEET2024_0585,468,35.86,SC,UP,128284
NEET2024_0586,474,35.55,OBC,UP,128894
NEET2024_0587,404,44.24,General,Delhi,111516
NEET2024_0588,365,48.57,OBC,Delhi,102857
NEET2024_0589,533,24.32,OBC,Delhi,151365
NEET2024_0590,364,49.62,OBC,Bihar,100766
NEET2024_0591,457,34.38,OBC,Karnataka,131233
NEET2024_0592,402,38.32,General,UP,123352
NEET2024_0593,497,31.85,General,Tamil Nadu,136309
NEET2024_0594,483,34.72,SC,West Bengal,130550
NEET2024_0595,553,18.47,OBC,Delhi,163062
NEET2024_0596,398,42.7,OBC,Bihar,114594
NEET2024_0597,423,42.49,General,Delhi,115023
NEET2024_0598,352,55.23,General,West Bengal,89547
NEET2024_0599,405,43.79,SC,West Bengal,112416
NEET2024_0600,487,30.91,OBC,UP,138189
NEET2024_0601,525,26.72,OBC,Delhi,146564
NEET2024_0602,357,53.17,General,West Bengal,93667
NEET2024_0603,536,24.26,OBC,Karnataka,151472
NEET2024_0604,585,17.15,General,Karnataka,165696
NEET2024_0605,491,30.84,OBC,Delhi,138319
NEET2024_0606,637,10.0,General,Bihar,180000
NEET2024_0607,372,48.58,General,West Bengal,102842
NEET2024_0608,325,58.11,OBC,UP,83779
NEET2024_0609,272,62.87,SC,UP,74263
NEET2024_0610,599,16.3,General,Bihar,167398
NEET2024_0611,515,27.89,SC,UP,144222
NEET2024_0612,444,35.21,General,Maharashtra,129586
NEET2024_0613,477,35.52,General,Delhi,128967
NEET2024_0614,337,53.04,General,UP,93922
NEET2024_0615,694,10.0,General,Karnataka,180000
NEET2024_0616,462,42.22,OBC,West Bengal,115560
NEET2024_0617,460,36.71,General,Tamil Nadu,126582
NEET2024_0618,522,26.0,General,Bihar,148007
NEET2024_0619,498,29.98,SC,Tamil Nadu,140038
NEET2024_0620,472,36.74,General,UP,126517
NEET2024_0621,370,48.84,OBC,Tamil Nadu,102324
NEET2024_0622,497,28.1,General,Tamil Nadu,143808
NEET2024_0623,638,13.23,OBC,Maharashtra,173545
NEET2024_0624,584,17.55,General,Karnataka,164894
NEET2024_0625,609,19.16,General,Bihar,161673
NEET2024_0626,398,46.88,General,Karnataka,106235
NEET2024_0627,351,50.36,General,Maharashtra,99289
NEET2024_0628,437,41.87,General,Maharashtra,116264
NEET2024_0629,455,36.94,OBC,Tamil Nadu,126117
NEET2024_0630,559,24.07,SC,Delhi,151866
NEET2024_0631,280,62.08,SC,West Bengal,75838
NEET2024_0632,602,14.7,OBC,West Bengal,170607
NEET2024_0633,434,38.44,General,Tamil Nadu,123129
NEET2024_0634,407,45.53,General,West Bengal,108935
NEET2024_0635,348,51.0,General,Maharashtra,98005
NEET2024_0636,284,59.75,General,Karnataka,80503
NEET2024_0637,532,24.2,OBC,West Bengal,151598
NEET2024_0638,457,37.37,OBC,Bihar,125250
NEET2024_0639,321,59.54,General,Tamil Nadu,80916
NEET2024_0640,320,53.42,General,Delhi,93159
NEET2024_0641,416,42.27,SC,Tamil Nadu,115458
NEET2024_0642,616,17.27,OBC,UP,165462
NEET2024_0643,424,40.95,General,Tamil Nadu,118096
NEET2024_0644,299,59.38,SC,Maharashtra,81246
NEET2024_0645,425,38.85,ST,Karnataka,122305
NEET2024_0646,422,42.25,General,Karnataka,115508
NEET2024_0647,180,74.63,General,Bihar,50748
NEET2024_0648,444,40.3,OBC,West Bengal,119390
NEET2024_0649,426,43.21,SC,Maharashtra,113583
NEET2024_0650,519,33.1,SC,UP,133808
NEET2024_0651,634,13.1,General,Maharashtra,173792
NEET2024_0652,562,22.6,General,Tamil Nadu,154807
NEET2024_0653,423,41.64,OBC,Maharashtra,116722
NEET2024_0654,339,52.21,OBC,Maharashtra,95579
NEET2024_0655,707,10.0,General,Bihar,180000
NEET2024_0656,455,36.21,SC,UP,127570
NEET2024_0657,451,37.7,OBC,Tamil Nadu,124603
NEET2024_0658,447,40.55,SC,Delhi,118896
NEET2024_0659,469,32.85,SC,Bihar,134303
NEET2024_0660,435,41.86,OBC,Delhi,116273
NEET2024_0661,392,48.19,General,Bihar,103620
NEET2024_0662,395,44.9,OBC,Karnataka,110194
NEET2024_0663,446,33.81,General,Bihar,132376
NEET2024_0664,395,43.92,OBC,West Bengal,112153
NEET2024_0665,378,50.09,General,Maharashtra,99812
NEET2024_0666,460,36.07,OBC,Karnataka,127869
NEET2024_0667,424,39.11,General,UP,121774
NEET2024_0668,600,15.66,General,Delhi,168685
NEET2024_0669,184,76.13,General,Bihar,47748
NEET2024_0670,559,23.45,General,Maharashtra,153090
NEET2024_0671,574,19.8,OBC,UP,160400
NEET2024_0672,242,65.66,OBC,West Bengal,68689
NEET2024_0673,415,41.58,OBC,UP,116844
NEET2024_0674,412,40.93,General,Maharashtra,118134
NEET2024_0675,309,60.31,General,West Bengal,79371
NEET2024_0676,372,47.69,General,UP,104622
NEET2024_0677,338,55.49,General,West Bengal,89020
NEET2024_0678,625,16.24,SC,Bihar,167525
NEET2024_0679,543,26.58,General,Bihar,146840
NEET2024_0680,577,19.0,General,Maharashtra,162004
NEET2024_0681,522,28.31,General,Maharashtra,143385
NEET2024_0682,337,53.15,General,West Bengal,93707
NEET2024_0683,397,43.05,OBC,Tamil Nadu,113892
NEET2024_0684,498,31.48,OBC,Karnataka,137035
NEET2024_0685,327,52.23,General,UP,95549
NEET2024_0686,521,30.01,General,UP,139971
NEET2024_0687,425,40.04,General,Tamil Nadu,119914
NEET2024_0688,412,43.18,General,Tamil Nadu,113639
NEET2024_0689,521,28.21,General,Tamil Nadu,143589
NEET2024_0690,494,30.87,ST,Delhi,138257
NEET2024_0691,413,43.81,OBC,Delhi,112375
NEET2024_0692,565,20.58,OBC,West Bengal,158844
NEET2024_0693,341,54.38,General,Delhi,91237
NEET2024_0694,511,26.34,General,Bihar,147328
NEET2024_0695,509,29.56,OBC,Bihar,140883
NEET2024_0696,419,45.68,OBC,Maharashtra,108633
NEET2024_0697,482,31.05,OBC,West Bengal,137890
NEET2024_0698,324,53.64,General,UP,92710
NEET2024_0699,542,25.75,OBC,Karnataka,148499
NEET2024_0700,431,40.5,General,Maharashtra,119003
NEET2024_0701,397,45.56,SC,UP,108875
NEET2024_0702,554,24.03,OBC,UP,151932
NEET2024_0703,379,48.63,OBC,West Bengal,102738
NEET2024_0704,309,59.3,General,Tamil Nadu,81394
NEET2024_0705,294,59.99,OBC,Tamil Nadu,80027
NEET2024_0706,510,28.68,General,Maharashtra,142631
NEET2024_0707,321,56.76,General,Tamil Nadu,86476
NEET2024_0708,625,16.99,General,UP,166011
NEET2024_0709,241,66.26,OBC,Tamil Nadu,67474
NEET2024_0710,619,12.08,General,Delhi,175842
NEET2024_0711,471,36.8,General,Tamil Nadu,126405
NEET2024_0712,440,38.65,SC,UP,122703
NEET2024_0713,395,40.79,General,West Bengal,118412
NEET2024_0714,489,33.78,OBC,Maharashtra,132443
NEET2024_0715,446,36.98,General,Karnataka,126030
NEET2024_0716,560,22.04,General,Tamil Nadu,155917
NEET2024_0717,461,36.64,OBC,Bihar,126727
NEET2024_0718,465,35.8,General,Bihar,128404
NEET2024_0719,413,44.06,General,UP,111884
NEET2024_0720,444,37.46,OBC,Karnataka,125075
NEET2024_0721,480,34.36,OBC,Karnataka,131280
NEET2024_0722,278,60.87,OBC,Delhi,78260
NEET2024_0723,315,57.73,General,Karnataka,84544
NEET2024_0724,524,28.45,General,Bihar,143094
NEET2024_0725,467,33.27,OBC,West Bengal,133463
NEET2024_0726,431,42.31,OBC,UP,115378
NEET2024_0727,451,36.29,SC,UP,127421
NEET2024_0728,484,34.39,SC,Tamil Nadu,131212
NEET2024_0729,396,45.73,SC,Tamil Nadu,108530
NEET2024_0730,372,52.01,General,Tamil Nadu,95980
NEET2024_0731,469,34.41,General,Bihar,131171
NEET2024_0732,352,50.41,OBC,Bihar,99175
NEET2024_0733,490,31.91,General,Bihar,136188
NEET2024_0734,279,60.64,General,Bihar,78712
NEET2024_0735,552,24.93,SC,Bihar,150133
NEET2024_0736,497,27.74,SC,Bihar,144520
NEET2024_0737,475,31.92,General,West Bengal,136159
NEET2024_0738,548,21.75,General,Bihar,156493
NEET2024_0739,616,16.35,General,Karnataka,167309
NEET2024_0740,551,26.89,SC,Karnataka,146213
NEET2024_0741,265,62.99,SC,Delhi,74028
NEET2024_0742,322,54.94,General,West Bengal,90119
NEET2024_0743,387,46.39,General,Tamil Nadu,107219
NEET2024_0744,452,39.55,SC,Maharashtra,120908
NEET2024_0745,501,28.56,General,Bihar,142876
NEET2024_0746,377,48.12,OBC,Delhi,103768
NEET2024_0747,468,36.95,ST,Maharashtra,126099
NEET2024_0748,374,49.06,General,Karnataka,101884
NEET2024_0749,388,46.49,OBC,Delhi,107019
NEET2024_0750,309,59.09,General,Delhi,81829
NEET2024_0751,357,45.01,General,UP,109979
NEET2024_0752,314,57.74,SC,Karnataka,84510
NEET2024_0753,352,49.8,General,Karnataka,100394
NEET2024_0754,555,19.26,ST,West Bengal,161489
NEET2024_0755,355,51.72,OBC,Delhi,96566
NEET2024_0756,713,10.0,General,Bihar,180000
NEET2024_0757,499,30.42,General,Karnataka,139160
NEET2024_0758,468,36.91,General,Delhi,126188
NEET2024_0759,364,52.67,General,West Bengal,94661
NEET2024_0760,520,30.41,General,Bihar,139184
NEET2024_0761,392,48.84,General,West Bengal,102329
NEET2024_0762,462,37.32,General,UP,125364
NEET2024_0763,706,10.0,OBC,Bihar,180000
NEET2024_0764,440,35.68,OBC,Delhi,128630
NEET2024_0765,564,21.17,OBC,Karnataka,157650
NEET2024_0766,379,45.67,General,Karnataka,108650
NEET2024_0767,446,42.4,General,Delhi,115205
NEET2024_0768,627,12.56,OBC,Delhi,174870
NEET2024_0769,387,46.5,General,Delhi,107007
NEET2024_0770,631,13.46,General,Tamil Nadu,173071
NEET2024_0771,520,27.86,SC,Bihar,144270
NEET2024_0772,393,48.81,OBC,Karnataka,102386
NEET2024_0773,513,27.5,OBC,Bihar,144990
NEET2024_0774,547,24.42,General,West Bengal,151166
NEET2024_0775,512,27.4,OBC,Karnataka,145192
NEET2024_0776,292,56.8,OBC,Tamil Nadu,86391
NEET2024_0777,377,46.42,OBC,Delhi,107169
NEET2024_0778,425,40.9,OBC,UP,118203
NEET2024_0779,442,37.75,SC,Delhi,124494
NEET2024_0780,512,27.5,OBC,Delhi,144991
NEET2024_0781,467,32.33,General,Tamil Nadu,135347
NEET2024_0782,316,55.94,OBC,Bihar,88110
NEET2024_0783,488,29.21,OBC,Karnataka,141574
NEET2024_0784,511,30.55,OBC,Delhi,138904
NEET2024_0785,505,30.03,General,Karnataka,139948
NEET2024_0786,558,19.58,General,Maharashtra,160830
NEET2024_0787,533,25.35,SC,West Bengal,149292
NEET2024_0788,495,29.75,OBC,Bihar,140508
NEET2024_0789,442,39.25,SC,Karnataka,121501
NEET2024_0790,283,63.38,OBC,UP,73249
NEET2024_0791,492,27.92,OBC,West Bengal,144167
NEET2024_0792,470,34.95,OBC,UP,130095
NEET2024_0793,477,33.43,SC,Delhi,133140
NEET2024_0794,322,56.62,OBC,West Bengal,86759
NEET2024_0795,341,53.07,OBC,Karnataka,93869
NEET2024_0796,555,21.41,General,West Bengal,157174
NEET2024_0797,446,37.42,General,Delhi,125165
NEET2024_0798,518,26.46,OBC,Tamil Nadu,147072
NEET2024_0799,452,39.37,General,Bihar,121251
NEET2024_0800,452,37.26,General,UP,125470
NEET2024_0801,543,28.39,General,Delhi,143228
NEET2024_0802,398,44.6,General,Tamil Nadu,110798
NEET2024_0803,459,34.83,General,West Bengal,130333
NEET2024_0804,403,41.0,General,West Bengal,117999
NEET2024_0805,406,40.0,SC,Delhi,119990
NEET2024_0806,419,38.64,OBC,Karnataka,122725
NEET2024_0807,472,34.98,General,West Bengal,130042
NEET2024_0808,402,45.18,General,Karnataka,109631
NEET2024_0809,575,16.98,OBC,Karnataka,166046
NEET2024_0810,360,51.79,General,Bihar,96419
NEET2024_0811,431,39.17,SC,Karnataka,121654
NEET2024_0812,406,43.9,OBC,Maharashtra,112190
NEET2024_0813,594,20.72,OBC,Bihar,158551
NEET2024_0814,469,36.65,General,Tamil Nadu,126690
NEET2024_0815,553,22.66,OBC,Tamil Nadu,154685
NEET2024_0816,301,56.41,General,West Bengal,87175
NEET2024_0817,476,29.59,SC,West Bengal,140829
NEET2024_0818,538,23.84,OBC,Karnataka,152321
NEET2024_0819,458,35.97,General,Bihar,128066
NEET2024_0820,556,20.8,General,Bihar,158393
NEET2024_0821,398,44.46,General,Maharashtra,111080
NEET2024_0822,590,18.21,OBC,Karnataka,163581
NEET2024_0823,679,10.0,General,Maharashtra,180000
NEET2024_0824,413,41.34,OBC,Karnataka,117322
NEET2024_0825,405,44.09,General,UP,111825
NEET2024_0826,595,18.24,OBC,UP,163510
NEET2024_0827,607,13.51,SC,Delhi,172972
NEET2024_0828,397,47.68,OBC,Karnataka,104634
NEET2024_0829,407,43.28,OBC,Bihar,113449
NEET2024_0830,421,41.57,General,West Bengal,116869
NEET2024_0831,315,57.67,General,Tamil Nadu,84667
NEET2024_0832,358,50.74,OBC,Delhi,98511
NEET2024_0833,349,53.43,General,West Bengal,93131
NEET2024_0834,373,48.77,General,UP,102462
NEET2024_0835,446,36.83,General,Karnataka,126338
NEET2024_0836,473,35.03,General,Delhi,129942
NEET2024_0837,605,13.68,General,Karnataka,172630
NEET2024_0838,350,51.61,SC,UP,96787
NEET2024_0839,548,23.82,General,Delhi,152355
NEET2024_0840,428,40.14,OBC,UP,119721
NEET2024_0841,445,37.94,General,Maharashtra,124125
NEET2024_0842,517,24.43,OBC,UP,151138
NEET2024_0843,337,52.1,General,Bihar,95806
NEET2024_0844,488,32.41,SC,Bihar,135184
NEET2024_0845,466,35.6,SC,Karnataka,128805
NEET2024_0846,499,28.64,General,Tamil Nadu,142721
NEET2024_0847,478,36.14,SC,UP,127714
NEET2024_0848,695,10.0,ST,West Bengal,180000
NEET2024_0849,386,48.33,SC,Bihar,103344
NEET2024_0850,396,45.85,SC,Tamil Nadu,108291
NEET2024_0851,387,44.96,General,Maharashtra,110084
NEET2024_0852,394,48.83,OBC,Delhi,102343
NEET2024_0853,386,44.0,General,Delhi,111996
NEET2024_0854,568,22.95,General,Bihar,154101
NEET2024_0855,592,19.78,ST,Tamil Nadu,160442
NEET2024_0856,392,44.21,General,Bihar,111571
NEET2024_0857,366,51.95,OBC,Delhi,96096
NEET2024_0858,497,30.47,SC,UP,139055
NEET2024_0859,394,45.86,SC,Tamil Nadu,108289
NEET2024_0860,513,29.27,ST,Karnataka,141458
NEET2024_0861,470,34.45,General,UP,131092
NEET2024_0862,298,60.23,General,UP,79534
NEET2024_0863,604,17.7,General,UP,164603
NEET2024_0864,629,10.0,General,Karnataka,180000
NEET2024_0865,388,48.72,General,Maharashtra,102560
NEET2024_0866,411,39.59,General,West Bengal,120816
NEET2024_0867,478,35.68,OBC,Bihar,128647
NEET2024_0868,483,35.17,OBC,Delhi,129659
NEET2024_0869,515,26.29,General,Bihar,147419
NEET2024_0870,651,10.0,OBC,Tamil Nadu,180000
NEET2024_0871,432,37.79,General,Maharashtra,124422
NEET2024_0872,370,48.18,General,Tamil Nadu,103637
NEET2024_0873,312,56.05,OBC,Bihar,87898
NEET2024_0874,376,49.34,OBC,Delhi,101325
NEET2024_0875,446,40.68,OBC,Karnataka,118647
NEET2024_0876,629,15.43,General,Bihar,169139
NEET2024_0877,398,43.6,SC,UP,112804
NEET2024_0878,472,34.03,OBC,Bihar,131947
NEET2024_0879,448,34.41,OBC,UP,131178
NEET2024_0880,568,19.5,OBC,Karnataka,161001
NEET2024_0881,702,10.0,SC,Bihar,180000
NEET2024_0882,396,48.23,OBC,Maharashtra,103537
NEET2024_0883,401,41.84,OBC,Maharashtra,116326
NEET2024_0884,554,21.87,ST,Tamil Nadu,156258
NEET2024_0885,518,28.0,OBC,Karnataka,143994
NEET2024_0886,634,12.5,General,Maharashtra,174990
NEET2024_0887,508,27.83,OBC,Bihar,144349
NEET2024_0888,414,43.35,General,Karnataka,113303
NEET2024_0889,509,28.36,General,Delhi,143284
NEET2024_0890,560,22.19,OBC,UP,155613
NEET2024_0891,532,27.2,SC,Bihar,145592
NEET2024_0892,500,30.57,SC,UP,138863
NEET2024_0893,556,21.91,General,UP,156189
NEET2024_0894,566,21.17,OBC,Karnataka,157660
NEET2024_0895,588,18.16,General,Karnataka,163686
NEET2024_0896,514,27.87,ST,Tamil Nadu,144257
NEET2024_0897,433,39.34,ST,UP,121312
NEET2024_0898,464,38.75,OBC,Tamil Nadu,122494
NEET2024_0899,570,21.96,SC,UP,156089
NEET2024_0900,368,48.3,OBC,Tamil Nadu,103404
NEET2024_0901,486,33.89,OBC,Tamil Nadu,132212
NEET2024_0902,410,42.39,General,Delhi,115224
NEET2024_0903,452,39.57,General,Tamil Nadu,120863
NEET2024_0904,577,20.6,OBC,Karnataka,158799
NEET2024_0905,469,34.65,OBC,Tamil Nadu,130706
NEET2024_0906,454,37.84,General,UP,124320
NEET2024_0907,314,53.25,SC,Tamil Nadu,93505
NEET2024_0908,524,24.97,General,Maharashtra,150062
NEET2024_0909,514,26.22,OBC,West Bengal,147553
NEET2024_0910,666,10.0,OBC,UP,180000
NEET2024_0911,419,45.27,OBC,Maharashtra,109458
NEET2024_0912,471,39.05,OBC,UP,121908
NEET2024_0913,474,35.44,General,Karnataka,129114
NEET2024_0914,607,16.7,General,West Bengal,166607
NEET2024_0915,440,35.29,OBC,West Bengal,129426
NEET2024_0916,477,32.66,OBC,Karnataka,134670
NEET2024_0917,510,27.59,General,West Bengal,144817
NEET2024_0918,468,33.76,OBC,Karnataka,132483
NEET2024_0919,405,43.41,General,Maharashtra,113172
NEET2024_0920,469,33.92,OBC,Delhi,132166
NEET2024_0921,557,18.68,SC,UP,162639
NEET2024_0922,347,53.3,General,Karnataka,93397
NEET2024_0923,463,33.55,General,UP,132902
NEET2024_0924,379,47.84,OBC,Maharashtra,104320
NEET2024_0925,569,25.12,OBC,Delhi,149759
NEET2024_0926,297,56.91,OBC,Maharashtra,86177
NEET2024_0927,394,40.22,SC,West Bengal,119565
NEET2024_0928,487,31.79,SC,UP,136421
NEET2024_0929,606,18.04,ST,Bihar,163929
NEET2024_0930,443,42.39,OBC,Delhi,115222
NEET2024_0931,394,42.82,General,West Bengal,114362
NEET2024_0932,638,12.38,General,Delhi,175235
NEET2024_0933,305,56.71,General,West Bengal,86583
NEET2024_0934,230,67.84,OBC,Maharashtra,64312
NEET2024_0935,494,36.68,General,Karnataka,126644
NEET2024_0936,399,41.58,SC,UP,116845
NEET2024_0937,347,52.31,OBC,Tamil Nadu,95373
NEET2024_0938,520,28.71,OBC,Tamil Nadu,142573
NEET2024_0939,474,36.34,General,Maharashtra,127323
NEET2024_0940,393,45.61,General,UP,108774
NEET2024_0941,321,56.03,General,UP,87934
NEET2024_0942,537,24.63,General,Maharashtra,150733
NEET2024_0943,515,29.01,General,UP,141979
NEET2024_0944,440,38.2,OBC,Karnataka,123594
NEET2024_0945,634,13.19,SC,Maharashtra,173624
NEET2024_0946,342,51.76,SC,Karnataka,96478
NEET2024_0947,297,59.5,OBC,UP,80991
NEET2024_0948,380,47.16,General,Maharashtra,105672
NEET2024_0949,445,40.45,SC,UP,119106
NEET2024_0950,474,34.06,SC,Maharashtra,131872
NEET2024_0951,425,37.43,General,UP,125147
NEET2024_0952,485,35.16,OBC,Karnataka,129674
NEET2024_0953,324,53.19,General,Bihar,93622
NEET2024_0954,594,16.19,SC,Karnataka,167615
NEET2024_0955,441,37.56,ST,UP,124882
NEET2024_0956,561,24.83,General,Maharashtra,150335
NEET2024_0957,484,28.51,SC,Tamil Nadu,142987
NEET2024_0958,495,37.53,OBC,Karnataka,124949
NEET2024_0959,506,31.83,ST,Karnataka,136331
NEET2024_0960,494,31.84,General,West Bengal,136329
NEET2024_0961,514,28.5,SC,Tamil Nadu,142997
NEET2024_0962,582,19.74,General,UP,160524
NEET2024_0963,469,35.9,General,Bihar,128193
NEET2024_0964,520,29.07,General,Maharashtra,141863
NEET2024_0965,441,39.86,ST,West Bengal,120277
NEET2024_0966,594,17.68,SC,UP,164641
NEET2024_0967,382,46.55,SC,Delhi,106900
NEET2024_0968,630,12.2,SC,Bihar,175605
NEET2024_0969,445,37.8,General,Karnataka,124390
NEET2024_0970,306,59.77,General,Delhi,80464
NEET2024_0971,462,37.02,General,Karnataka,125959
NEET2024_0972,381,41.2,General,Karnataka,117594
NEET2024_0973,534,27.15,General,Delhi,145709
NEET2024_0974,384,47.06,General,Bihar,105887
NEET2024_0975,405,43.71,General,Delhi,112574
NEET2024_0976,261,62.97,General,UP,74054
NEET2024_0977,404,46.14,General,West Bengal,107725
NEET2024_0978,207,73.15,General,West Bengal,53709
NEET2024_0979,291,58.04,ST,Delhi,83924
NEET2024_0980,526,27.76,OBC,UP,144482
NEET2024_0981,528,24.72,ST,West Bengal,150553
NEET2024_0982,492,28.91,General,UP,142185
NEET2024_0983,353,49.72,General,UP,100562
NEET2024_0984,445,39.92,OBC,Karnataka,120161
NEET2024_0985,449,39.55,General,West Bengal,120909
NEET2024_0986,334,54.64,General,West Bengal,90725
NEET2024_0987,600,18.12,General,Karnataka,163766
NEET2024_0988,537,26.45,General,Delhi,147101
NEET2024_0989,427,39.41,General,Karnataka,121177
NEET2024_0990,452,38.09,General,West Bengal,123827
NEET2024_0991,470,36.32,OBC,West Bengal,127353
NEET2024_0992,245,67.48,General,Bihar,65038
NEET2024_0993,425,43.35,General,Delhi,113299
NEET2024_0994,381,48.5,SC,Karnataka,103000
NEET2024_0995,349,52.23,General,Maharashtra,95538
NEET2024_0996,421,43.67,General,Maharashtra,112663
NEET2024_0997,629,12.59,SC,Delhi,174828
NEET2024_0998,514,26.85,General,Karnataka,146305
NEET2024_0999,392,45.23,General,Karnataka,109541
NEET2024_1000,507,28.09,General,UP,143812
